year_month,date,cpi_transport_index,airfare_sub_index,headline_cpi,base_year,inflation_mom,inflation_yoy,published_at,source
2024-01,2024-01-01,174.5,168.2,185.2,2012=100,,,2024-02-12,MoSPI
2024-02,2024-02-01,174.9,169.0,185.4,2012=100,0.229,,2024-03-12,MoSPI
2024-03,2024-03-01,175.2,171.4,185.1,2012=100,0.172,,2024-04-12,MoSPI
2024-04,2024-04-01,175.8,173.2,185.8,2012=100,0.342,,2024-05-12,MoSPI
2024-05,2024-05-01,176.4,175.0,186.7,2012=100,0.341,,2024-06-12,MoSPI
2024-06,2024-06-01,177.1,177.5,188.1,2012=100,0.397,,2024-07-12,MoSPI
2024-07,2024-07-01,178.0,176.8,189.8,2012=100,0.508,,2024-08-12,MoSPI
2024-08,2024-08-01,178.5,174.2,189.6,2012=100,0.281,,2024-09-12,MoSPI
2024-09,2024-09-01,179.2,175.5,190.4,2012=100,0.392,,2024-10-12,MoSPI
2024-10,2024-10-01,180.3,182.1,192.1,2012=100,0.614,,2024-11-12,MoSPI
2024-11,2024-11-01,180.8,181.4,191.8,2012=100,0.277,,2024-12-12,MoSPI
2024-12,2024-12-01,181.5,184.2,190.5,2012=100,0.387,,2025-01-12,MoSPI
2025-01,2025-01-01,182.4,180.1,191.2,2012=100,0.496,4.527,2025-02-12,MoSPI
2025-02,2025-02-01,183.0,181.0,191.6,2012=100,0.329,4.631,2025-03-12,MoSPI
2025-03,2025-03-01,183.6,183.5,191.9,2012=100,0.328,4.795,2025-04-12,MoSPI
2025-04,2025-04-01,184.5,185.2,192.8,2012=100,0.49,4.949,2025-05-12,MoSPI
2025-05,2025-05-01,185.4,187.8,193.5,2012=100,0.488,5.102,2025-06-12,MoSPI
2025-06,2025-06-01,186.2,189.5,194.2,2012=100,0.431,5.138,2025-07-12,MoSPI
2025-07,2025-07-01,187.0,187.0,195.0,2012=100,0.43,5.056,2025-08-12,MoSPI
2025-08,2025-08-01,187.6,185.1,194.8,2012=100,0.321,5.098,2025-09-12,MoSPI
2025-09,2025-09-01,188.4,186.4,195.5,2012=100,0.426,5.134,2025-10-12,MoSPI
2025-10,2025-10-01,189.8,193.2,197.0,2012=100,0.743,5.269,2025-11-12,MoSPI
2025-11,2025-11-01,190.4,191.8,196.5,2012=100,0.316,5.31,2025-12-12,MoSPI
2025-12,2025-12-01,191.2,195.0,195.8,2012=100,0.42,5.344,2026-01-12,MoSPI
2026-01,2026-01-01,192.1,191.5,196.4,2012=100,0.471,5.318,2026-02-12,MoSPI
2026-02,2026-02-01,192.9,193.0,197.1,2012=100,0.416,5.41,2026-03-12,MoSPI
2026-03,2026-03-01,193.7,194.6,197.8,2012=100,0.415,5.501,2026-04-12,MoSPI
